CREATE DATABASE  IF NOT EXISTS `tastybox_bites` /*!40100 DEFAULT CHARACTER SET utf8mb4 COLLATE utf8mb4_0900_ai_ci */ /*!80016 DEFAULT ENCRYPTION='N' */;
USE `tastybox_bites`;
-- MySQL dump 10.13  Distrib 8.0.36, for Win64 (x86_64)
--
-- Host: localhost    Database: tastybox_bites
-- ------------------------------------------------------
-- Server version	8.0.36

/*!40101 SET @OLD_CHARACTER_SET_CLIENT=@@CHARACTER_SET_CLIENT */;
/*!40101 SET @OLD_CHARACTER_SET_RESULTS=@@CHARACTER_SET_RESULTS */;
/*!40101 SET @OLD_COLLATION_CONNECTION=@@COLLATION_CONNECTION */;
/*!50503 SET NAMES utf8 */;
/*!40103 SET @OLD_TIME_ZONE=@@TIME_ZONE */;
/*!40103 SET TIME_ZONE='+00:00' */;
/*!40014 SET @OLD_UNIQUE_CHECKS=@@UNIQUE_CHECKS, UNIQUE_CHECKS=0 */;
/*!40014 SET @OLD_FOREIGN_KEY_CHECKS=@@FOREIGN_KEY_CHECKS, FOREIGN_KEY_CHECKS=0 */;
/*!40101 SET @OLD_SQL_MODE=@@SQL_MODE, SQL_MODE='NO_AUTO_VALUE_ON_ZERO' */;
/*!40111 SET @OLD_SQL_NOTES=@@SQL_NOTES, SQL_NOTES=0 */;

--
-- Table structure for table `food_items`
--

DROP TABLE IF EXISTS `food_items`;
/*!40101 SET @saved_cs_client     = @@character_set_client */;
/*!50503 SET character_set_client = utf8mb4 */;
CREATE TABLE `food_items` (
  `item_id` int NOT NULL,
  `name` varchar(255) DEFAULT NULL,
  `price` decimal(10,2) DEFAULT NULL,
  PRIMARY KEY (`item_id`)
) ENGINE=InnoDB DEFAULT CHARSET=utf8mb4 COLLATE=utf8mb4_0900_ai_ci;
/*!40101 SET character_set_client = @saved_cs_client */;

--
-- Dumping data for table `food_items`
--

LOCK TABLES `food_items` WRITE;
/*!40000 ALTER TABLE `food_items` DISABLE KEYS */;
INSERT INTO `food_items` VALUES (1,'Laksa',5.00),(2,'Braised Duck Rice',4.50),(3,'Pork Leg Rice',5.50),(4,'Mango Smoothie',4.00),(5,'Passion Fruit Tea',3.00),(6,'Ban Mian',5.50),(7,'Mala',12.00),(8,'Burrito',7.00),(9,'Nasi Lemak',6.00);
/*!40000 ALTER TABLE `food_items` ENABLE KEYS */;
UNLOCK TABLES;

--
-- Table structure for table `order_tracking`
--

DROP TABLE IF EXISTS `order_tracking`;
/*!40101 SET @saved_cs_client     = @@character_set_client */;
/*!50503 SET character_set_client = utf8mb4 */;
CREATE TABLE `order_tracking` (
  `order_id` int NOT NULL,
  `status` varchar(255) DEFAULT NULL,
  PRIMARY KEY (`order_id`)
) ENGINE=InnoDB DEFAULT CHARSET=utf8mb4 COLLATE=utf8mb4_0900_ai_ci;
/*!40101 SET character_set_client = @saved_cs_client */;

--
-- Dumping data for table `order_tracking`
--

LOCK TABLES `order_tracking` WRITE;
/*!40000 ALTER TABLE `order_tracking` DISABLE KEYS */;
INSERT INTO `order_tracking` VALUES (1001,'delivered'),(1002,'in-transit'),(1003,'in-transit'),(1004,'in-progress'),(1005,'in-progress');
/*!40000 ALTER TABLE `order_tracking` ENABLE KEYS */;
UNLOCK TABLES;

--
-- Table structure for table `orders`
--

DROP TABLE IF EXISTS `orders`;
/*!40101 SET @saved_cs_client     = @@character_set_client */;
/*!50503 SET character_set_client = utf8mb4 */;
CREATE TABLE `orders` (
  `order_id` int NOT NULL,
  `item_id` int NOT NULL,
  `quantity` int NOT NULL,
  `total_price` decimal(10,2) NOT NULL,
  PRIMARY KEY (`order_id`,`item_id`)
) ENGINE=InnoDB DEFAULT CHARSET=utf8mb4 COLLATE=utf8mb4_0900_ai_ci;
/*!40101 SET character_set_client = @saved_cs_client */;

--
-- Dumping data for table `orders`
--

LOCK TABLES `orders` WRITE;
/*!40000 ALTER TABLE `orders` DISABLE KEYS */;
INSERT INTO `orders` VALUES (1001,1,3,15.00),(1001,3,3,16.50),(1002,2,2,9.00),(1002,4,2,8.00),(1002,7,2,24.00),(1003,2,1,4.50),(1003,5,2,6.00),(1003,7,1,12.00),(1004,1,1,5.00),(1004,9,1,6.00),(1005,4,1,4.00),(1005,5,1,3.00),(1005,9,1,6.00);
/*!40000 ALTER TABLE `orders` ENABLE KEYS */;
UNLOCK TABLES;
/*!40103 SET TIME_ZONE=@OLD_TIME_ZONE */;

/*!40101 SET SQL_MODE=@OLD_SQL_MODE */;
/*!40014 SET FOREIGN_KEY_CHECKS=@OLD_FOREIGN_KEY_CHECKS */;
/*!40014 SET UNIQUE_CHECKS=@OLD_UNIQUE_CHECKS */;
/*!40101 SET CHARACTER_SET_CLIENT=@OLD_CHARACTER_SET_CLIENT */;
/*!40101 SET CHARACTER_SET_RESULTS=@OLD_CHARACTER_SET_RESULTS */;
/*!40101 SET COLLATION_CONNECTION=@OLD_COLLATION_CONNECTION */;
/*!40111 SET SQL_NOTES=@OLD_SQL_NOTES */;

-- Dump completed on 2024-12-18  0:38:59
